rank,team,n_games,net,off,def,p_beat_avg,hfa,league_mean,sigma
1,Oklahoma,44,9.59651286367982,6.05578138984774,-3.5407314738320794,0.9812722065885922,0.2645810459715228,5.1407955947234285,4.6120158708747
2,Texas Tech,45,8.632908684792415,4.855092871550071,-3.777815813242344,0.9693849220514664,0.2645810459715228,5.1407955947234285,4.6120158708747
3,Arkansas,41,8.310644392891792,4.464817460326632,-3.845826932565159,0.9642237457364206,0.2645810459715228,5.1407955947234285,4.6120158708747
4,UCLA,43,8.228065312888093,6.2591659456938284,-1.968899367194265,0.9627922013574156,0.2645810459715228,5.1407955947234285,4.6120158708747
5,Florida,45,7.617090510740256,4.1365585074151765,-3.480532003325079,0.9506893988703612,0.2645810459715228,5.1407955947234285,4.6120158708747
6,Texas,39,7.509251123705473,3.848191160464301,-3.661059963241173,0.9482579965528788,0.2645810459715228,5.1407955947234285,4.6120158708747
7,Nebraska,38,7.1665839185010505,2.695578657309241,-4.4710052611918085,0.939895151749794,0.2645810459715228,5.1407955947234285,4.6120158708747
8,Alabama,43,6.944821137794991,2.8280131417156373,-4.116807996079353,0.9339420645483788,0.2645810459715228,5.1407955947234285,4.6120158708747
9,Georgia,42,6.738518192372452,3.609077200681164,-3.1294409916912884,0.9280030787341051,0.2645810459715228,5.1407955947234285,4.6120158708747
10,Tennessee,43,6.642365385448324,2.2918374378257678,-4.350527947622557,0.9250988850722404,0.2645810459715228,5.1407955947234285,4.6120158708747
11,Virginia Tech,42,6.487343758595372,3.4105296157459604,-3.076814142849412,0.9202296285266902,0.2645810459715228,5.1407955947234285,4.6120158708747
12,Texas A&M,42,6.189918186292406,3.6431483197950896,-2.546769866497317,0.9102228413113488,0.2645810459715228,5.1407955947234285,4.6120158708747
13,Florida St,43,5.942533340628744,3.228271375326688,-2.714261965302056,0.9012121634576258,0.2645810459715228,5.1407955947234285,4.6120158708747
14,LSU,43,5.898059201402413,1.998697764712364,-3.899361436690048,0.899524398234378,0.2645810459715228,5.1407955947234285,4.6120158708747
15,UCF,44,5.501292559684703,2.5035642648214824,-2.9977282948632205,0.8835295436281329,0.2645810459715228,5.1407955947234285,4.6120158708747
16,Washington,43,5.281640381818752,3.0439370993771235,-2.237703282441629,0.8739350361663194,0.2645810459715228,5.1407955947234285,4.6120158708747
17,Indiana,42,5.239112890822403,2.9084599014470607,-2.3306529893753427,0.8720154954428072,0.2645810459715228,5.1407955947234285,4.6120158708747
18,Mississippi St,45,5.230354345996087,1.3167340163522283,-3.9136203296438583,0.8716176572019463,0.2645810459715228,5.1407955947234285,4.6120158708747
19,Arizona,41,5.227436862861599,3.417545080413637,-1.8098917824479617,0.8714849463227063,0.2645810459715228,5.1407955947234285,4.6120158708747
20,Oregon,41,5.220407142819964,2.7991355631245494,-2.4212715796954143,0.8711647864150693,0.2645810459715228,5.1407955947234285,4.6120158708747
21,Duke,43,5.133318680760837,3.165824313746832,-1.9674943670140048,0.8671525372760334,0.2645810459715228,5.1407955947234285,4.6120158708747
22,Oklahoma St,38,4.92831159991963,2.252720310935406,-2.6755912889842244,0.8573706976136437,0.2645810459715228,5.1407955947234285,4.6120158708747
23,NE Omaha,34,4.755294774726597,2.270196639601715,-2.485098135124882,0.8487451673548083,0.2645810459715228,5.1407955947234285,4.6120158708747
24,Arizona St,45,4.676732109368356,2.768996656901896,-1.90773545246646,0.8447162807330528,0.2645810459715228,5.1407955947234285,4.6120158708747
25,Stanford,38,4.660807156480944,2.7321863023013084,-1.9286208541796352,0.8438910544650404,0.2645810459715228,5.1407955947234285,4.6120158708747
26,South Carolina,44,4.534030738541218,1.538400755802866,-2.995629982738352,0.8372186436362262,0.2645810459715228,5.1407955947234285,4.6120158708747
27,Northwestern,40,4.365699612217499,2.414543458981945,-1.9511561532355532,0.8280767652607317,0.2645810459715228,5.1407955947234285,4.6120158708747
28,Mississippi,45,4.289973569906073,2.0076339029803347,-2.2823396669257385,0.8238592927505701,0.2645810459715228,5.1407955947234285,4.6120158708747
29,SE Louisiana,49,4.142089603728443,0.9817598406118891,-3.160329763116553,0.8154360852642067,0.2645810459715228,5.1407955947234285,4.6120158708747
30,Kansas,41,4.11534710672735,2.44765864282704,-1.6676884639003102,0.8138865571072944,0.2645810459715228,5.1407955947234285,4.6120158708747
31,Virginia,41,4.108496401564145,1.384769134659334,-2.723727266904812,0.813488316127055,0.2645810459715228,5.1407955947234285,4.6120158708747
32,Louisville,43,4.002217183357937,2.667403670895657,-1.3348135124622793,0.8072427313296897,0.2645810459715228,5.1407955947234285,4.6120158708747
33,Grand Canyon,46,3.958152378272625,1.2610643015523113,-2.6970880767203136,0.8046161857289809,0.2645810459715228,5.1407955947234285,4.6120158708747
34,Michigan,41,3.9538474667908137,2.3505866245466334,-1.60326084224418,0.8043584247590102,0.2645810459715228,5.1407955947234285,4.6120158708747
35,Boston Univ,46,3.76224401816516,2.095124788157546,-1.667119230007614,0.7926779405087361,0.2645810459715228,5.1407955947234285,4.6120158708747
36,Utah,44,3.736661789529635,1.720021241878091,-2.016640547651544,0.7910877881212042,0.2645810459715228,5.1407955947234285,4.6120158708747
37,Clemson,44,3.662755978365481,1.530224550466757,-2.1325314278987237,0.7864537419520286,0.2645810459715228,5.1407955947234285,4.6120158708747
38,Georgia Tech,48,3.6612465618854166,1.653698129918755,-2.007548431966661,0.7863584784845492,0.2645810459715228,5.1407955947234285,4.6120158708747
39,North Carolina,42,3.630299444304151,3.101569205333077,-0.5287302389710745,0.7843998688805488,0.2645810459715228,5.1407955947234285,4.6120158708747
40,Marshall,42,3.630141588572396,1.363119692323619,-2.267021896248777,0.7843898517448605,0.2645810459715228,5.1407955947234285,4.6120158708747
41,FL Atlantic,42,3.439117982038051,1.3883954190758625,-2.0507225629621884,0.7720715925486415,0.2645810459715228,5.1407955947234285,4.6120158708747
42,Nevada,44,3.432474869611468,2.155928970574891,-1.276545899036577,0.7716362013832196,0.2645810459715228,5.1407955947234285,4.6120158708747
43,CS Fullerton,40,3.3162375186639297,1.512397530758318,-1.803839987905612,0.7639427731136843,0.2645810459715228,5.1407955947234285,4.6120158708747
44,Missouri,44,3.2507581280440245,0.9057333308915438,-2.345024797152481,0.7595467711859047,0.2645810459715228,5.1407955947234285,4.6120158708747
45,Ohio St,42,3.2009718492292234,2.6473146623611568,-0.5536571868680666,0.7561747252770115,0.2645810459715228,5.1407955947234285,4.6120158708747
46,Auburn,42,3.1110126936820963,1.7395746384241315,-1.3714380552579644,0.7500175876374164,0.2645810459715228,5.1407955947234285,4.6120158708747
47,Penn St,42,3.0936507900139736,2.1461366226823237,-0.9475141673316504,0.7488198472080472,0.2645810459715228,5.1407955947234285,4.6120158708747
48,Jacksonville St,44,2.954950708724198,1.113923681581754,-1.8410270271424445,0.7391434571876581,0.2645810459715228,5.1407955947234285,4.6120158708747
49,Iowa St,42,2.901885593735367,2.199419303323294,-0.7024662904120733,0.735391305146462,0.2645810459715228,5.1407955947234285,4.6120158708747
50,Belmont,39,2.892724889801999,0.2464411023232175,-2.6462837874787817,0.7347407981946936,0.2645810459715228,5.1407955947234285,4.6120158708747
51,Purdue,41,2.816828820119609,1.1730837042734277,-1.643745115846181,0.7293203308052371,0.2645810459715228,5.1407955947234285,4.6120158708747
52,Texas St,44,2.7143615984631846,0.195366718367258,-2.5189948800959265,0.7219154736073361,0.2645810459715228,5.1407955947234285,4.6120158708747
53,Appalachian St,39,2.70999013531808,2.409843798455926,-0.3001463368621539,0.7215973824966744,0.2645810459715228,5.1407955947234285,4.6120158708747
54,Miami OH,43,2.6626095050060514,1.6991981000839926,-0.9634114049220588,0.7181383840495502,0.2645810459715228,5.1407955947234285,4.6120158708747
55,St Thomas MN,39,2.6039190833268213,1.0203533635678197,-1.5835657197590016,0.7138252177481358,0.2645810459715228,5.1407955947234285,4.6120158708747
56,South Florida,45,2.456221762047284,0.0470676440937476,-2.4091541179535367,0.7028343984296668,0.2645810459715228,5.1407955947234285,4.6120158708747
57,Baylor,42,2.4360350341789982,0.7190422906181352,-1.716992743560863,0.7013173465840935,0.2645810459715228,5.1407955947234285,4.6120158708747
58,S Illinois,39,2.3769702018980468,0.9382608681308736,-1.4387093337671732,0.6968584788163071,0.2645810459715228,5.1407955947234285,4.6120158708747
59,Wichita St,39,2.3730080267468376,1.3242936012481303,-1.0487144254987073,0.6965583071411159,0.2645810459715228,5.1407955947234285,4.6120158708747
60,WKU,39,2.3027655177353004,0.5290552019989617,-1.7737103157363387,0.6912149028427538,0.2645810459715228,5.1407955947234285,4.6120158708747
61,Wisconsin,37,2.296042616421872,1.2934008235853114,-1.0026417928365603,0.6907013328339718,0.2645810459715228,5.1407955947234285,4.6120158708747
62,Incarnate Word,45,2.240855032412152,1.2136051354658597,-1.0272498969462924,0.686471474014703,0.2645810459715228,5.1407955947234285,4.6120158708747
63,Cent Arkansas,44,2.1908901445495883,1.3576155429552947,-0.8332746015942937,0.6826206236542819,0.2645810459715228,5.1407955947234285,4.6120158708747
64,North Florida,46,2.146637086465493,0.566517445970066,-1.580119640495427,0.6791933875377336,0.2645810459715228,5.1407955947234285,4.6120158708747
65,NC State,42,2.1004276870373357,0.995921638074162,-1.1045060489631735,0.6755982714768406,0.2645810459715228,5.1407955947234285,4.6120158708747
66,Stetson,43,2.076902509101596,1.430485377266931,-0.6464171318346649,0.673761665879584,0.2645810459715228,5.1407955947234285,4.6120158708747
67,Charlotte,45,2.0325476610381137,1.2196990219317947,-0.8128486391063191,0.6702874344980037,0.2645810459715228,5.1407955947234285,4.6120158708747
68,Kentucky,47,2.01427134330272,0.3635344945340754,-1.650736848768645,0.6688515774443607,0.2645810459715228,5.1407955947234285,4.6120158708747
69,Rutgers,44,1.972266787199204,2.193651474905434,0.2213846877062304,0.6655421426259838,0.2645810459715228,5.1407955947234285,4.6120158708747
70,Louisiana,44,1.9539723327921037,1.0253863106387984,-0.9285860221533052,0.6640967174519586,0.2645810459715228,5.1407955947234285,4.6120158708747
71,UNC Greensboro,46,1.8713480266365543,0.2060867505967283,-1.665261276039826,0.6575386493508124,0.2645810459715228,5.1407955947234285,4.6120158708747
72,South Alabama,45,1.8443504227011005,0.0166944217098435,-1.827656000991257,0.6553853351610022,0.2645810459715228,5.1407955947234285,4.6120158708747
73,Ohio,43,1.8267322079417467,1.55717314348164,-0.2695590644601066,0.653977390792346,0.2645810459715228,5.1407955947234285,4.6120158708747
74,Campbell,43,1.8038406341426727,0.7626763566695464,-1.0411642774731262,0.6521448485240953,0.2645810459715228,5.1407955947234285,4.6120158708747
75,St Mary's CA,42,1.7289648148536811,0.357129746847526,-1.371835068006155,0.6461261352370252,0.2645810459715228,5.1407955947234285,4.6120158708747
76,Northern Iowa,38,1.6953592632638683,3.0872315138979145,1.3918722506340462,0.6434128058247719,0.2645810459715228,5.1407955947234285,4.6120158708747
77,ULM,46,1.663121338972046,-0.6466296641729954,-2.309751003145041,0.640803058608588,0.2645810459715228,5.1407955947234285,4.6120158708747
78,North Alabama,40,1.621173979456438,0.9050336572989596,-0.7161403221574785,0.6373974622814681,0.2645810459715228,5.1407955947234285,4.6120158708747
79,Troy,42,1.5700524586907028,0.4307814248882533,-1.1392710338024494,0.633232320575076,0.2645810459715228,5.1407955947234285,4.6120158708747
80,Princeton,33,1.5540358983523308,0.1935146713926749,-1.3605212269596558,0.6319241054738882,0.2645810459715228,5.1407955947234285,4.6120158708747
81,McNeese St,45,1.5354601123949114,1.0076038169111496,-0.5278562954837618,0.6304049381576076,0.2645810459715228,5.1407955947234285,4.6120158708747
82,Creighton,44,1.4610753833575347,1.3604055849886023,-0.1006697983689322,0.6243013928405406,0.2645810459715228,5.1407955947234285,4.6120158708747
83,Connecticut,43,1.445091784187826,0.5351150753641365,-0.9099767088236896,0.6229857489167474,0.2645810459715228,5.1407955947234285,4.6120158708747
84,Florida Intl,41,1.40867993020037,0.207738099847844,-1.200941830352526,0.6199832974952926,0.2645810459715228,5.1407955947234285,4.6120158708747
85,Providence,34,1.3538858095610538,1.2207384362152218,-0.1331473733458319,0.6154514718230609,0.2645810459715228,5.1407955947234285,4.6120158708747
86,Hawaii,38,1.352324793513063,0.2956618624287128,-1.0566629310843498,0.6153221310378862,0.2645810459715228,5.1407955947234285,4.6120158708747
87,Austin Peay,44,1.34847981747156,0.8597930577950463,-0.4886867596765136,0.6150034939276152,0.2645810459715228,5.1407955947234285,4.6120158708747
88,North Texas,43,1.3436018679549493,1.193514670607104,-0.1500871973478452,0.6145991414853952,0.2645810459715228,5.1407955947234285,4.6120158708747
89,SF Austin,47,1.3183394225814735,0.0801425009545089,-1.2381969216269648,0.6125030533965037,0.2645810459715228,5.1407955947234285,4.6120158708747
90,Louisiana Tech,43,1.281951940545701,0.3229834327418418,-0.9589685078038592,0.6094781355864046,0.2645810459715228,5.1407955947234285,4.6120158708747
91,Liberty,41,1.268966586600125,0.4098118843931207,-0.8591547022070042,0.6083970368273852,0.2645810459715228,5.1407955947234285,4.6120158708747
92,Iowa,42,1.2558984966287865,0.888927802948241,-0.3669706936805453,0.60730820402374,0.2645810459715228,5.1407955947234285,4.6120158708747
93,James Madison,41,1.252237293590908,1.2558162966213589,0.0035790030304509,0.6070030016485508,0.2645810459715228,5.1407955947234285,4.6120158708747
94,Illinois St,39,1.216915075281755,0.8462342656165719,-0.3706808096651831,0.6040551454358886,0.2645810459715228,5.1407955947234285,4.6120158708747
95,Southern Miss,46,1.2010053920191193,0.3224587326362061,-0.8785466593829131,0.6027254271351588,0.2645810459715228,5.1407955947234285,4.6120158708747
96,Lamar,46,1.2002502568448916,1.0134507214054544,-0.1867995354394372,0.6026622837326039,0.2645810459715228,5.1407955947234285,4.6120158708747
97,Cal Baptist,48,1.1798387395910104,-0.4487192834072507,-1.628558022998261,0.6009544856057764,0.2645810459715228,5.1407955947234285,4.6120158708747
98,Loy Marymount,40,1.1739060021447791,-0.4029612946746179,-1.576867296819397,0.6004577389431401,0.2645810459715228,5.1407955947234285,4.6120158708747
99,Notre Dame,43,1.1738232506108022,0.3038066202818,-0.8700166303290022,0.6004508090252284,0.2645810459715228,5.1407955947234285,4.6120158708747
100,N Dakota St,39,1.1728699379867742,0.9854007194162676,-0.1874692185705064,0.6003709728369607,0.2645810459715228,5.1407955947234285,4.6120158708747
101,Georgia St,46,1.172801222340553,0.1503034649848344,-1.0224977573557186,0.6003652180092662,0.2645810459715228,5.1407955947234285,4.6120158708747
102,Nicholls St,44,1.1513660679717357,-0.180374629034185,-1.331740697005921,0.5985689992446521,0.2645810459715228,5.1407955947234285,4.6120158708747
103,Akron,44,1.1151032470677424,0.8091418698138009,-0.3059613772539415,0.5955255258277472,0.2645810459715228,5.1407955947234285,4.6120158708747
104,Idaho St,45,1.0987997113365209,0.5517985955116479,-0.547001115824873,0.5941553015795177,0.2645810459715228,5.1407955947234285,4.6120158708747
105,Sam Houston St,46,1.0804585092495915,0.1838107061079525,-0.8966478031416392,0.5926124433159572,0.2645810459715228,5.1407955947234285,4.6120158708747
106,Seattle,39,1.053659557660294,0.5740579065268102,-0.4796016511334839,0.5903555415382664,0.2645810459715228,5.1407955947234285,4.6120158708747
107,Samford,45,1.053217186113257,-0.1500942352116827,-1.2033114213249398,0.5903182614035194,0.2645810459715228,5.1407955947234285,4.6120158708747
108,Wofford,39,1.02116577578976,0.6486277038932593,-0.3725380718965005,0.587615029184135,0.2645810459715228,5.1407955947234285,4.6120158708747
109,Youngstown St,38,1.018752279510831,0.9889855208048834,-0.0297667587059476,0.5874113036020274,0.2645810459715228,5.1407955947234285,4.6120158708747
110,New Mexico St,41,0.9918365864159772,1.0944159443752757,0.1025793579592983,0.5851377399669637,0.2645810459715228,5.1407955947234285,4.6120158708747
111,Prairie View,36,0.938941426062376,0.7922388742388519,-0.1467025518235241,0.5806614457711897,0.2645810459715228,5.1407955947234285,4.6120158708747
112,East Carolina,46,0.91410289205689,-0.5934303733924178,-1.5075332654493077,0.5785558204605201,0.2645810459715228,5.1407955947234285,4.6120158708747
113,UNC Wilmington,39,0.8914528421227808,-0.8126343410852703,-1.704087183208051,0.5766337566485599,0.2645810459715228,5.1407955947234285,4.6120158708747
114,New Mexico,41,0.8897935516222568,0.4488984209484808,-0.4408951306737759,0.5764928783768798,0.2645810459715228,5.1407955947234285,4.6120158708747
115,Boise St,46,0.8536088711485669,0.2895146382250056,-0.5640942329235612,0.5734182991662659,0.2645810459715228,5.1407955947234285,4.6120158708747
116,N Illinois,31,0.8266547577189349,1.4868225781710604,0.6601678204521255,0.5711251190404831,0.2645810459715228,5.1407955947234285,4.6120158708747
117,Ga Southern,41,0.7602758128155254,-0.2299165647856424,-0.9901923776011676,0.5654676956733033,0.2645810459715228,5.1407955947234285,4.6120158708747
118,Santa Clara,41,0.7529943764497347,-0.0706277960541362,-0.8236221725038709,0.5648462662536066,0.2645810459715228,5.1407955947234285,4.6120158708747
119,San Diego St,41,0.7494189748501594,0.1951786811180442,-0.5542402937321151,0.5645410672050651,0.2645810459715228,5.1407955947234285,4.6120158708747
120,Fresno St,36,0.7189374415651684,-0.3907558489780438,-1.1096932905432122,0.5619375969927042,0.2645810459715228,5.1407955947234285,4.6120158708747
121,C Michigan,37,0.686008049428643,0.129326088906086,-0.556681960522557,0.559122039547272,0.2645810459715228,5.1407955947234285,4.6120158708747
122,Long Beach St,40,0.6786799259245051,-0.0641957877911672,-0.7428757137156724,0.5584950520501667,0.2645810459715228,5.1407955947234285,4.6120158708747
123,Northwestern LA,45,0.6687973594206281,-0.0108687980530413,-0.6796661574736694,0.5576492768607798,0.2645810459715228,5.1407955947234285,4.6120158708747
124,W Carolina,44,0.655079064673549,0.6562787057203798,0.0011996410468307,0.5564747954274728,0.2645810459715228,5.1407955947234285,4.6120158708747
125,Jacksonville,42,0.6532494295569147,0.2108627085600084,-0.4423867209969062,0.5563181148670436,0.2645810459715228,5.1407955947234285,4.6120158708747
126,Utah Valley,41,0.649612113099799,0.7416718007655301,0.092059687665731,0.5560066076294402,0.2645810459715228,5.1407955947234285,4.6120158708747
127,CS Sacramento,41,0.6198590290991683,-0.3945427535968815,-1.01440178269605,0.5534572103082019,0.2645810459715228,5.1407955947234285,4.6120158708747
128,St John's,43,0.610382015043353,-0.0914756266031886,-0.7018576416465416,0.5526447016398771,0.2645810459715228,5.1407955947234285,4.6120158708747
129,S Dakota St,47,0.5770287163811951,0.3727489787010177,-0.2042797376801773,0.549783432630822,0.2645810459715228,5.1407955947234285,4.6120158708747
130,Army,44,0.5684987950122077,-0.5061136372504694,-1.074612432262677,0.5490512571638123,0.2645810459715228,5.1407955947234285,4.6120158708747
131,UAB,43,0.557977057323124,-0.4170191148357491,-0.974996172158873,0.5481478821874461,0.2645810459715228,5.1407955947234285,4.6120158708747
132,BYU,41,0.5016318771320174,0.756897097366748,0.2552652202347306,0.5433060709266309,0.2645810459715228,5.1407955947234285,4.6120158708747
133,Delaware,42,0.4680233263797619,-0.0061592582989303,-0.4741825846786922,0.5404149353318319,0.2645810459715228,5.1407955947234285,4.6120158708747
134,Coastal Car,45,0.4426349547494143,1.0795644708435068,0.6369295160940925,0.5382295045771109,0.2645810459715228,5.1407955947234285,4.6120158708747
135,UC Santa Barbara,43,0.4206156933890262,0.0848825215957127,-0.3357331717933135,0.536333149253792,0.2645810459715228,5.1407955947234285,4.6120158708747
136,Hofstra,40,0.4145121844860648,0.0176821504673628,-0.396830034018702,0.5358073513758633,0.2645810459715228,5.1407955947234285,4.6120158708747
137,Howard,34,0.3613726949304748,0.211042176636835,-0.1503305182936397,0.5312270099193586,0.2645810459715228,5.1407955947234285,4.6120158708747
138,Robert Morris,32,0.3582953956153516,2.487320846498901,2.1290254508835496,0.5309616305425362,0.2645810459715228,5.1407955947234285,4.6120158708747
139,UNLV,42,0.3332488069747609,0.4897917227327563,0.1565429157579953,0.5288011677894169,0.2645810459715228,5.1407955947234285,4.6120158708747
140,Tulsa,40,0.3279395431698961,0.5222069284786313,0.1942673853087351,0.5283430914992249,0.2645810459715228,5.1407955947234285,4.6120158708747
141,Missouri St,40,0.1696763095391386,-0.6458701284842251,-0.8155464380233637,0.5146737974864114,0.2645810459715228,5.1407955947234285,4.6120158708747
142,California,43,0.156955720053415,0.8195253576817327,0.6625696376283177,0.5135741484865934,0.2645810459715228,5.1407955947234285,4.6120158708747
143,Murray St,37,0.1136539025980836,-0.6879757867309739,-0.8016296893290575,0.5098301392790243,0.2645810459715228,5.1407955947234285,4.6120158708747
144,Houston,45,0.0673516744611668,1.3065914692214875,1.2392397947603209,0.5058257552314009,0.2645810459715228,5.1407955947234285,4.6120158708747
145,Maryland,40,0.0665517335391287,-0.2732505987416281,-0.3398023322807568,0.5057565671280673,0.2645810459715228,5.1407955947234285,4.6120158708747
146,Minnesota,41,0.0643169349101933,-1.1837800143179886,-1.248096949228182,0.5055632750948582,0.2645810459715228,5.1407955947234285,4.6120158708747
147,Tarleton St,45,0.0314059243038593,0.1791352213464076,0.1477292970425483,0.5027166112565306,0.2645810459715228,5.1407955947234285,4.6120158708747
148,Georgetown,32,0.0023606618209449,-0.6534007130320504,-0.6557613748529953,0.5002041987268364,0.2645810459715228,5.1407955947234285,4.6120158708747
149,E Kentucky,41,0.0018016293861726,-0.7497819348051299,-0.7515835641913026,0.5001558420737485,0.2645810459715228,5.1407955947234285,4.6120158708747
150,Colorado St,40,-0.0254932385388236,-0.7918564246079745,-0.7663631860691508,0.4977948300240676,0.2645810459715228,5.1407955947234285,4.6120158708747
151,Columbia,32,-0.0348035516122767,-0.9836347766841932,-0.9488312250719164,0.4969894994170429,0.2645810459715228,5.1407955947234285,4.6120158708747
152,SC Upstate,45,-0.0469767171303492,0.2082062082793706,0.2551829254097199,0.4959365546156722,0.2645810459715228,5.1407955947234285,4.6120158708747
153,Radford,41,-0.1255362466121599,-1.303442330392876,-1.177906083780716,0.4891423762689175,0.2645810459715228,5.1407955947234285,4.6120158708747
154,MTSU,39,-0.1355283577916702,-0.1187589498389474,0.0167694079527228,0.488278398631228,0.2645810459715228,5.1407955947234285,4.6120158708747
155,Michigan St,40,-0.1423082392252507,-0.2464199361839296,-0.1041116969586788,0.4876922006464373,0.2645810459715228,5.1407955947234285,4.6120158708747
156,Boston College,41,-0.1684934942236836,0.6120135646070096,0.7805070588306933,0.4854284480471318,0.2645810459715228,5.1407955947234285,4.6120158708747
157,St Joseph's PA,37,-0.1907713643558036,-0.5322696908207639,-0.3414983264649602,0.4835028612260765,0.2645810459715228,5.1407955947234285,4.6120158708747
158,Harvard,33,-0.1947175040925028,-0.2028075369197813,-0.0080900328272785,0.483161815618892,0.2645810459715228,5.1407955947234285,4.6120158708747
159,Evansville,37,-0.232012088121941,-0.1911471390418908,0.0408649490800501,0.4799392697275285,0.2645810459715228,5.1407955947234285,4.6120158708747
160,FGCU,40,-0.2769909927858157,-0.0774900831295887,0.199500909656227,0.4760545007182862,0.2645810459715228,5.1407955947234285,4.6120158708747
161,Oregon St,43,-0.3150014026033666,-0.0715545566375015,0.2434468459658651,0.4727733500488325,0.2645810459715228,5.1407955947234285,4.6120158708747
162,TN Martin,43,-0.3299974715333541,-0.8715245323214283,-0.5415270607880742,0.4714793486678016,0.2645810459715228,5.1407955947234285,4.6120158708747
163,E Illinois,42,-0.3312108820526057,0.0329540917320747,0.3641649737846804,0.471374657216764,0.2645810459715228,5.1407955947234285,4.6120158708747
164,Pittsburgh,42,-0.3337693416033642,0.0731701126202616,0.4069394542236259,0.471153923209366,0.2645810459715228,5.1407955947234285,4.6120158708747
165,W Michigan,40,-0.3691141728207796,-0.2308714186066143,0.1382427542141653,0.4681054440408133,0.2645810459715228,5.1407955947234285,4.6120158708747
166,Syracuse,33,-0.3995623904108287,-0.753858651262475,-0.3542962608516463,0.4654807881747447,0.2645810459715228,5.1407955947234285,4.6120158708747
167,Lehigh,42,-0.4673544082516252,-0.3047673146689347,0.1625870935826905,0.4596426297661258,0.2645810459715228,5.1407955947234285,4.6120158708747
168,San Jose St,38,-0.5030247143920937,-0.6049238193408123,-0.1018991049487185,0.456574160290963,0.2645810459715228,5.1407955947234285,4.6120158708747
169,UT San Antonio,46,-0.5350503896709617,-0.6609640958596019,-0.1259137061886402,0.4538214122072056,0.2645810459715228,5.1407955947234285,4.6120158708747
170,Colgate,43,-0.5619814625774491,0.1185779264702032,0.6805593890476523,0.4515082780852087,0.2645810459715228,5.1407955947234285,4.6120158708747
171,SUNY Albany,32,-0.6047227638192116,-0.422960611721686,0.1817621520975256,0.4478405979956558,0.2645810459715228,5.1407955947234285,4.6120158708747
172,Rider,38,-0.6565278722837755,0.2994208026672343,0.95594867495101,0.4434011423871231,0.2645810459715228,5.1407955947234285,4.6120158708747
173,Fordham,39,-0.6702702134992076,-0.8265805342613158,-0.1563103207621083,0.442224655779159,0.2645810459715228,5.1407955947234285,4.6120158708747
174,UC Davis,42,-0.6726663568508047,-0.8143787892106369,-0.1417124323598322,0.442019572974939,0.2645810459715228,5.1407955947234285,4.6120158708747
175,Iona,37,-0.7087595783331117,-1.219388880703823,-0.5106293023707112,0.4389323116059451,0.2645810459715228,5.1407955947234285,4.6120158708747
176,Ball St,39,-0.7143131422088509,-0.3638803336344593,0.3504328085743915,0.4384576080446706,0.2645810459715228,5.1407955947234285,4.6120158708747
177,UC San Diego,39,-0.758290469530756,0.0505371006515521,0.8088275701823081,0.4347017261779714,0.2645810459715228,5.1407955947234285,4.6120158708747
178,St Louis,40,-0.7603631558416608,-1.048760408891029,-0.2883972530493682,0.4345248510718256,0.2645810459715228,5.1407955947234285,4.6120158708747
179,UT Arlington,39,-0.763700964885756,0.9687901100996676,1.7324910749854237,0.4342400427989812,0.2645810459715228,5.1407955947234285,4.6120158708747
180,Loyola-Chicago,39,-0.8110915773105123,-1.0744646614613318,-0.2633730841508195,0.4302000519246182,0.2645810459715228,5.1407955947234285,4.6120158708747
181,G Washington,34,-0.8151738042069685,-0.6803467734766891,0.1348270307302793,0.4298523824780797,0.2645810459715228,5.1407955947234285,4.6120158708747
182,TX Southern,30,-0.8274266539432518,-1.224670458524845,-0.3972438045815929,0.428809176410503,0.2645810459715228,5.1407955947234285,4.6120158708747
183,Chattanooga,41,-0.835788146020267,-0.2342542392443655,0.6015339067759014,0.4280975649708955,0.2645810459715228,5.1407955947234285,4.6120158708747
184,George Mason,40,-0.8683908304300267,-1.2873981725947006,-0.4190073421646738,0.425325141113651,0.2645810459715228,5.1407955947234285,4.6120158708747
185,Tennessee Tech,39,-0.873083972684292,-0.6496930678638451,0.223390904820447,0.4249263523958992,0.2645810459715228,5.1407955947234285,4.6120158708747
186,North Dakota,37,-0.8870079040983638,-1.169895431035002,-0.2828875269366382,0.4237436526464267,0.2645810459715228,5.1407955947234285,4.6120158708747
187,Pacific,42,-0.9754504908892584,-1.23026873129965,-0.2548182404103918,0.4162477934674218,0.2645810459715228,5.1407955947234285,4.6120158708747
188,Southern Utah,39,-0.9799214206285264,-0.7594450611836238,0.2204763594449027,0.4158696480326064,0.2645810459715228,5.1407955947234285,4.6120158708747
189,San Diego,40,-1.034663001294867,-0.5612390587793363,0.4734239425155306,0.4112460934062152,0.2645810459715228,5.1407955947234285,4.6120158708747
190,MA Lowell,41,-1.0586279044685685,-1.0369450213413318,0.0216828831272367,0.4092258153900231,0.2645810459715228,5.1407955947234285,4.6120158708747
191,Siena,32,-1.0937675016765809,-1.7414065173306412,-0.6476390156540605,0.4062678624206152,0.2645810459715228,5.1407955947234285,4.6120158708747
192,Fairfield,38,-1.0962712834561013,-0.8418044384565583,0.254466844999543,0.4060573029607985,0.2645810459715228,5.1407955947234285,4.6120158708747
193,Quinnipiac,31,-1.1134539061369473,-0.661183524382978,0.4522703817539692,0.4046130394279865,0.2645810459715228,5.1407955947234285,4.6120158708747
194,Lindenwood,40,-1.1158416199221113,-0.5700339088897928,0.5458077110323185,0.4044124455037561,0.2645810459715228,5.1407955947234285,4.6120158708747
195,Bryant,34,-1.119403574617297,-0.8724625635894534,0.2469410110278437,0.4041132492847681,0.2645810459715228,5.1407955947234285,4.6120158708747
196,Butler,32,-1.1387692143390946,0.1685400197270743,1.307309234066169,0.4024875645300438,0.2645810459715228,5.1407955947234285,4.6120158708747
197,Winthrop,43,-1.1392865719111025,-0.9258595599711892,0.213427011939913,0.4024441569671755,0.2645810459715228,5.1407955947234285,4.6120158708747
198,Toledo,40,-1.1435475383224265,-0.0423417046640498,1.1012058336583763,0.4020866972818659,0.2645810459715228,5.1407955947234285,4.6120158708747
199,Dayton,36,-1.1809858866371972,-1.0529111164942135,0.1280747701429836,0.3989494828840348,0.2645810459715228,5.1407955947234285,4.6120158708747
200,Southern Univ,30,-1.183621291393715,-0.6052125651054,0.5784087262883149,0.3987288875256378,0.2645810459715228,5.1407955947234285,4.6120158708747
201,Binghamton,32,-1.2044997566923843,0.3062432880756479,1.510743044768032,0.396982413800141,0.2645810459715228,5.1407955947234285,4.6120158708747
202,Stony Brook,36,-1.2073983177283756,-1.2388981283275615,-0.031499810599186,0.3967401129199488,0.2645810459715228,5.1407955947234285,4.6120158708747
203,Florida A&M,38,-1.2151349839589975,-0.7525425507621024,0.4625924331968952,0.3960935733039861,0.2645810459715228,5.1407955947234285,4.6120158708747
204,Portland St,38,-1.263112581486448,-1.0390229048989583,0.2240896765874897,0.3920906142394202,0.2645810459715228,5.1407955947234285,4.6120158708747
205,Buffalo,44,-1.2797126504464489,0.4171034413027021,1.696816091749151,0.3907082369208886,0.2645810459715228,5.1407955947234285,4.6120158708747
206,N Colorado,41,-1.2993790958740392,-0.1079176061812661,1.191461489692773,0.3890722929990702,0.2645810459715228,5.1407955947234285,4.6120158708747
207,Bowling Green,39,-1.3478935166971815,-1.1904047927349184,0.157488723962263,0.3850451002498002,0.2645810459715228,5.1407955947234285,4.6120158708747
208,SE Missouri St,38,-1.35757836205631,-0.9036897605917318,0.4538886014645781,0.3842426262913657,0.2645810459715228,5.1407955947234285,4.6120158708747
209,Illinois,42,-1.3785380500261142,-0.6166264094993755,0.7619116405267387,0.382507635347794,0.2645810459715228,5.1407955947234285,4.6120158708747
210,Indiana St,41,-1.4015761689358197,-1.3487303927526164,0.052845776183203,0.3806033153691211,0.2645810459715228,5.1407955947234285,4.6120158708747
211,Montana,40,-1.4288844177715958,0.2742813659314431,1.703165783703039,0.3783497732806451,0.2645810459715228,5.1407955947234285,4.6120158708747
212,Oakland,23,-1.5058054610683342,-1.1525091409864494,0.3532963200818847,0.3720244979439538,0.2645810459715228,5.1407955947234285,4.6120158708747
213,Marist,40,-1.5201575156055902,-1.092003691760516,0.4281538238450741,0.3708480730619132,0.2645810459715228,5.1407955947234285,4.6120158708747
214,Utah Tech,41,-1.5205521031146638,0.076717836156636,1.5972699392713,0.3708157460704563,0.2645810459715228,5.1407955947234285,4.6120158708747
215,Memphis,45,-1.58597124823151,-0.2539159664521531,1.332055281779357,0.3654689816780809,0.2645810459715228,5.1407955947234285,4.6120158708747
216,Seton Hall,40,-1.5975882821567482,-0.7513418333461795,0.8462464488105688,0.364522204308941,0.2645810459715228,5.1407955947234285,4.6120158708747
217,Gardner Webb,45,-1.611115788617762,0.3502876055273395,1.9614033941451012,0.3634207661699589,0.2645810459715228,5.1407955947234285,4.6120158708747
218,Yale,37,-1.62673796346166,-1.1652300985665087,0.4615078648951513,0.362150179734269,0.2645810459715228,5.1407955947234285,4.6120158708747
219,DePaul,40,-1.66665671600256,-0.6858507077220112,0.980806008280549,0.3589104195000152,0.2645810459715228,5.1407955947234285,4.6120158708747
220,SIUE,42,-1.6732372455907631,-1.4598983902750198,0.2133388553157433,0.3583773170220095,0.2645810459715228,5.1407955947234285,4.6120158708747
221,Central Conn,36,-1.7129297975830848,-0.711902935938694,1.001026861644391,0.3551676245926853,0.2645810459715228,5.1407955947234285,4.6120158708747
222,Penn,33,-1.7611787045049805,-0.8956309958929104,0.8655477086120698,0.3512798453870121,0.2645810459715228,5.1407955947234285,4.6120158708747
223,Presbyterian,43,-1.8070917283106145,-1.098372500570159,0.7087192277404551,0.3475946733512898,0.2645810459715228,5.1407955947234285,4.6120158708747
224,UMBC,18,-1.8127655450513969,-0.8486415336527378,0.9641240113986588,0.3471402587341492,0.2645810459715228,5.1407955947234285,4.6120158708747
225,Towson,41,-1.8290815628065944,-1.057474992528874,0.7716065702777206,0.3458347389821548,0.2645810459715228,5.1407955947234285,4.6120158708747
226,Col Charleston,43,-1.8962984951525732,-1.2585380757812736,0.6377604193712999,0.3404758555817548,0.2645810459715228,5.1407955947234285,4.6120158708747
227,Valparaiso,41,-1.9008586382142691,-1.4393951084853307,0.4614635297289386,0.3401134463551156,0.2645810459715228,5.1407955947234285,4.6120158708747
228,Lipscomb,41,-1.9083665246925088,-1.2372749875471116,0.6710915371453972,0.3395170923026462,0.2645810459715228,5.1407955947234285,4.6120158708747
229,Cornell,35,-1.938875433848123,0.730170556147255,2.6690459899953782,0.3370979040422369,0.2645810459715228,5.1407955947234285,4.6120158708747
230,Villanova,43,-1.9419135222225268,-1.0021949748040302,0.9397185474184966,0.3368573667728513,0.2645810459715228,5.1407955947234285,4.6120158708747
231,Utah St,43,-1.9507322486283925,-0.3468730112811229,1.6038592373472695,0.3361595320675333,0.2645810459715228,5.1407955947234285,4.6120158708747
232,Massachusetts,38,-1.998492201160258,-1.777427729805813,0.2210644713544449,0.3323900933289642,0.2645810459715228,5.1407955947234285,4.6120158708747
233,South Dakota,39,-2.01177479951049,-1.0250436707332409,0.9867311287772496,0.3313447540232598,0.2645810459715228,5.1407955947234285,4.6120158708747
234,Longwood,48,-2.0143862070420937,-0.8408544718978587,1.173531735144235,0.3311393906374232,0.2645810459715228,5.1407955947234285,4.6120158708747
235,LIU Brooklyn,42,-2.025215004604112,-1.437250321917296,0.5879646826868159,0.3302883469565828,0.2645810459715228,5.1407955947234285,4.6120158708747
236,Brown,31,-2.04719247535248,-1.0154456628643642,1.0317468124881155,0.3285638204402806,0.2645810459715228,5.1407955947234285,4.6120158708747
237,Missouri KC,37,-2.062893775727588,-1.323549602713214,0.7393441730143737,0.3273340017338657,0.2645810459715228,5.1407955947234285,4.6120158708747
238,Drake,40,-2.1398355529608573,-0.989416856941945,1.150418696018912,0.3213347323980916,0.2645810459715228,5.1407955947234285,4.6120158708747
239,Queens NC,38,-2.1498606411539702,-0.6889414768937554,1.4609191642602148,0.3205564390320239,0.2645810459715228,5.1407955947234285,4.6120158708747
240,WI Green Bay,33,-2.2066521121430225,-0.6807068099656922,1.5259453021773304,0.3161624218062734,0.2645810459715228,5.1407955947234285,4.6120158708747
241,Dartmouth,25,-2.2475187889252024,0.4116881600687551,2.6592069489939574,0.3130164631545972,0.2645810459715228,5.1407955947234285,4.6120158708747
242,Elon,40,-2.295214189962964,-1.5301627405295386,0.7650514494334256,0.3093619774151273,0.2645810459715228,5.1407955947234285,4.6120158708747
243,CS Northridge,36,-2.3270259248716263,-1.0053269850411923,1.3216989398304342,0.3069349302730606,0.2645810459715228,5.1407955947234285,4.6120158708747
244,Kent,39,-2.3359909605780724,-0.5681117873164166,1.7678791732616557,0.3062524703419417,0.2645810459715228,5.1407955947234285,4.6120158708747
245,ETSU,38,-2.3365616543769887,-1.530994485740398,0.8055671686365907,0.3062090492101781,0.2645810459715228,5.1407955947234285,4.6120158708747
246,Wagner,38,-2.3544946767314827,-2.3023907754480715,0.052103901283411,0.3048460077173125,0.2645810459715228,5.1407955947234285,4.6120158708747
247,Southern Indiana,35,-2.378605701612833,-1.9202239001481567,0.4583818014646764,0.3030176555809173,0.2645810459715228,5.1407955947234285,4.6120158708747
248,Rhode Island,37,-2.401503850252561,-1.621853776780101,0.7796500734724602,0.3012858337051901,0.2645810459715228,5.1407955947234285,4.6120158708747
249,Abilene Chr,38,-2.4454232199704324,-0.7480195219459805,1.697403698024452,0.2979766842578533,0.2645810459715228,5.1407955947234285,4.6120158708747
250,Detroit,34,-2.4838135191686543,-0.942839890515426,1.5409736286532285,0.2950977722277443,0.2645810459715228,5.1407955947234285,4.6120158708747
251,Drexel,36,-2.534036279918316,-0.6795461312359014,1.8544901486824144,0.2913510002855514,0.2645810459715228,5.1407955947234285,4.6120158708747
252,Bradley,41,-2.636865693742934,0.1373181828982895,2.7741838766412235,0.2837496723410067,0.2645810459715228,5.1407955947234285,4.6120158708747
253,West Georgia,45,-2.6399800586300506,-1.2013063882093848,1.438673670420666,0.2835209425062758,0.2645810459715228,5.1407955947234285,4.6120158708747
254,Alabama St,43,-2.6899684072341667,-0.3213837979112735,2.3685846093228933,0.2798617674886536,0.2645810459715228,5.1407955947234285,4.6120158708747
255,Sacred Heart,41,-2.693962161828113,-2.053641878913548,0.6403202829145656,0.2795704134136804,0.2645810459715228,5.1407955947234285,4.6120158708747
256,Monmouth NJ,39,-2.699735743555009,-1.3967410920490255,1.3029946515059838,0.2791494771285052,0.2645810459715228,5.1407955947234285,4.6120158708747
257,Cal Poly,37,-2.7333505814175165,-2.1927878744800435,0.5405627069374729,0.2767048474641432,0.2645810459715228,5.1407955947234285,4.6120158708747
258,Kennesaw,39,-2.7650891354188145,-0.6344714833709483,2.1306176520478664,0.2744063398136598,0.2645810459715228,5.1407955947234285,4.6120158708747
259,N Kentucky,38,-2.773791817004004,-0.9746544757136686,1.799137341290335,0.273777741487952,0.2645810459715228,5.1407955947234285,4.6120158708747
260,Weber St,46,-2.8036118822103457,-1.090665139691053,1.7129467425192928,0.2716292415128035,0.2645810459715228,5.1407955947234285,4.6120158708747
261,Canisius,31,-2.8785814196572126,-2.0095290866170417,0.8690523330401712,0.2662651298458368,0.2645810459715228,5.1407955947234285,4.6120158708747
262,NC A&T,46,-2.891880396875597,-1.6697021885772447,1.222178208298352,0.2653192105899112,0.2645810459715228,5.1407955947234285,4.6120158708747
263,UTEP,38,-2.995339236534113,-0.9908291984225164,2.004510038111597,0.2580191868233275,0.2645810459715228,5.1407955947234285,4.6120158708747
264,Manhattan,39,-3.009501328210477,-1.5036377210377376,1.5058636071727394,0.2570280822421665,0.2645810459715228,5.1407955947234285,4.6120158708747
265,TAM C. Christi,45,-3.0961361196375545,-1.7185341990141298,1.377601920623425,0.2510085121653945,0.2645810459715228,5.1407955947234285,4.6120158708747
266,Bethune-Cookman,39,-3.136573178718158,-1.735539907117996,1.4010332716001617,0.2482246093559982,0.2645810459715228,5.1407955947234285,4.6120158708747
267,IL Chicago,47,-3.173045527181669,-0.467862233239361,2.705183293942308,0.245727851130398,0.2645810459715228,5.1407955947234285,4.6120158708747
268,Lafayette,38,-3.265730804489704,-1.5048947219481483,1.7608360825415554,0.2394441132978265,0.2645810459715228,5.1407955947234285,4.6120158708747
269,S Carolina St,26,-3.2732715915122697,-1.9357537853901916,1.3375178061220785,0.2389367628588758,0.2645810459715228,5.1407955947234285,4.6120158708747
270,Mt St Mary's,36,-3.279836956803075,-2.3684576129896646,0.9113793438134103,0.2384955187401602,0.2645810459715228,5.1407955947234285,4.6120158708747
271,Jackson St,32,-3.337733036691243,-1.458398739168924,1.879334297522319,0.2346238248098919,0.2645810459715228,5.1407955947234285,4.6120158708747
272,Mercer,40,-3.3513034800481467,-1.303812053213955,2.047491426834192,0.2337213810781809,0.2645810459715228,5.1407955947234285,4.6120158708747
273,Maine,35,-3.3549808371517766,-1.5715587477820283,1.783422089369748,0.2334771660904684,0.2645810459715228,5.1407955947234285,4.6120158708747
274,Delaware St,28,-3.6363964753609856,-1.834763628003991,1.801632847356995,0.2152134351103812,0.2645810459715228,5.1407955947234285,4.6120158708747
275,UC Riverside,34,-3.687278764107099,-1.8729423778814385,1.8143363862256607,0.212002028045861,0.2645810459715228,5.1407955947234285,4.6120158708747
276,W Illinois,35,-3.86943991948272,-1.8674969827108912,2.001942936771829,0.2007371732133532,0.2645810459715228,5.1407955947234285,4.6120158708747
277,Houston Chr,40,-3.9496214997244383,-2.303288239681699,1.6463332600427392,0.1958948100373095,0.2645810459715228,5.1407955947234285,4.6120158708747
278,Morehead St,34,-3.99916407017204,-1.6165914902160312,2.3825725799560087,0.1929385552714985,0.2645810459715228,5.1407955947234285,4.6120158708747
279,Coppin St,27,-4.160383786279295,-1.051065550763386,3.109318235515909,0.1835085388639635,0.2645810459715228,5.1407955947234285,4.6120158708747
280,Furman,43,-4.163670964249263,-1.4022733222600996,2.761397641989164,0.1833193037881585,0.2645810459715228,5.1407955947234285,4.6120158708747
281,Charleston So,43,-4.200991950992994,-2.354427077246535,1.8465648737464584,0.1811793631993953,0.2645810459715228,5.1407955947234285,4.6120158708747
282,CS Bakersfield,42,-4.221136118959917,-1.834897782062869,2.386238336897048,0.1800308497034042,0.2645810459715228,5.1407955947234285,4.6120158708747
283,Ark Pine Bluff,30,-4.272268072693839,-1.9006746804702048,2.3715933922236343,0.1771361616478877,0.2645810459715228,5.1407955947234285,4.6120158708747
284,Merrimack,31,-4.293361149868835,-2.2790292016924374,2.014331948176397,0.1759506520185969,0.2645810459715228,5.1407955947234285,4.6120158708747
285,Le Moyne,35,-4.354724390623227,-1.9357989835560845,2.418925407067143,0.1725304593437285,0.2645810459715228,5.1407955947234285,4.6120158708747
286,Norfolk St,33,-4.517198713812518,-2.668067611648488,1.8491311021640304,0.1636809952354975,0.2645810459715228,5.1407955947234285,4.6120158708747
287,Bucknell,36,-4.642421464749598,-1.6902407054813504,2.9521807592682467,0.1570652742178738,0.2645810459715228,5.1407955947234285,4.6120158708747
288,IUPUI,37,-4.646430658855191,-1.1432882173745498,3.503142441480642,0.1568564088391333,0.2645810459715228,5.1407955947234285,4.6120158708747
289,St Bonaventure,43,-4.646982822745686,-2.315365563944836,2.33161725880085,0.1568276573030705,0.2645810459715228,5.1407955947234285,4.6120158708747
290,Bellarmine,41,-4.650906395413587,-2.177881072707246,2.473025322706341,0.1566234541781734,0.2645810459715228,5.1407955947234285,4.6120158708747
291,Alcorn St,31,-4.712986813044567,-2.3091737968335817,2.403813016210985,0.1534157689100208,0.2645810459715228,5.1407955947234285,4.6120158708747
292,Holy Cross,31,-4.722715953588423,-2.839341481138532,1.883374472449892,0.1529170382477139,0.2645810459715228,5.1407955947234285,4.6120158708747
293,Stonehill,37,-4.88252398189524,-1.9385075063819863,2.944016475513253,0.1448789425286964,0.2645810459715228,5.1407955947234285,4.6120158708747
294,Hampton,36,-4.929647482480656,-2.2763343421063147,2.6533131403743413,0.1425640242840353,0.2645810459715228,5.1407955947234285,4.6120158708747
295,Grambling,31,-5.01574578786904,-1.043716289116329,3.972029498752711,0.1383994004558659,0.2645810459715228,5.1407955947234285,4.6120158708747
296,NC Central,38,-5.045307361826328,-2.289662816744752,2.7556445450815765,0.1369888058239954,0.2645810459715228,5.1407955947234285,4.6120158708747
297,F Dickinson,41,-5.168071518778004,-2.212582782986019,2.955488735791985,0.1312361678111735,0.2645810459715228,5.1407955947234285,4.6120158708747
298,Morgan St,31,-5.260895639453947,-2.5342639374628253,2.726631701991122,0.1269987862133282,0.2645810459715228,5.1407955947234285,4.6120158708747
299,East Texas A&M,46,-5.308345097586552,-1.6094213342280237,3.698923763358529,0.124869916449594,0.2645810459715228,5.1407955947234285,4.6120158708747
300,Mercyhurst,33,-5.426305577996152,-2.454672940948388,2.9716326370477644,0.1196859238820349,0.2645810459715228,5.1407955947234285,4.6120158708747
301,New Haven,37,-5.532199364878173,-3.3798120349961382,2.152387329882035,0.11516315546193,0.2645810459715228,5.1407955947234285,4.6120158708747
302,St Peter's,36,-5.571333689042223,-2.362108063413036,3.209225625629188,0.1135228590010279,0.2645810459715228,5.1407955947234285,4.6120158708747
303,Niagara,29,-6.01226378482062,-2.535352282312524,3.476911502508096,0.0961835248828619,0.2645810459715228,5.1407955947234285,4.6120158708747
304,Tennessee St,29,-6.101036341996826,-2.237524591820176,3.8635117501766505,0.0929415097050445,0.2645810459715228,5.1407955947234285,4.6120158708747
305,Alabama A&M,32,-6.514033312423998,-1.2718530590187462,5.242180253405252,0.0789154032881816,0.2645810459715228,5.1407955947234285,4.6120158708747
306,MD E Shore,35,-6.707095684069582,-3.828438059256027,2.878657624813555,0.072936352233526,0.2645810459715228,5.1407955947234285,4.6120158708747
307,St Francis PA,39,-6.895433999095678,-1.9964246874738296,4.899009311621848,0.067443916345999,0.2645810459715228,5.1407955947234285,4.6120158708747
308,MS Valley St,29,-10.32068940787681,-4.2005734680031335,6.120115939873676,0.0126176139937099,0.2645810459715228,5.1407955947234285,4.6120158708747
